Sr. No.,Player,Base Price,Winning Bid,Capped/Uncapped,Image_URL
1,Noor Ahmad,20000000,100000000,Capped,https://images.mykhel.com/webp/images/cricket/players/7/13157.jpg
2,Ravichandaran Ashwin,20000000,97500000,Capped,https://images.mykhel.com/webp/images/cricket/players/5/3795.jpg
3,Devon Conway,20000000,62500000,Capped,https://encrypted-tbn0.gstatic.com/images?q=tbn:ANd9GcSftNQIQOOfK1jHAy0T_xkR1_lPUVIwqRIpKA&s
4,Syed Khaleel Ahmed,20000000,48000000,Capped,https://images.mykhel.com//webp/images/cricket/players/9/8239.jpg
5,Rachin Ravindra,15000000,40000000,Capped,https://www.washingtonfreedom.com/static-assets/images/players/66053.png?v=3.9
6,Anshul Kamboj,3000000,34000000,Uncapped,https://resize.indiatvnews.com/en/resize/newbucket/1080_-/2024/11/untitled-design-2024-11-15t123708-1731654756.jpg
7,Rahul Tripathi,7500000,34000000,Capped,https://encrypted-tbn0.gstatic.com/images?q=tbn:ANd9GcSUHH6SrccShjlvXyKX1HvHN6hUnj6wZJWeMw&s
8,Sam Curran,20000000,24000000,Capped,https://images.mykhel.com/webp/images/cricket/players/8/7888.jpg
9,Gurjapneet Singh,3000000,22000000,Uncapped,https://img1.hscicdn.com/image/upload/f_auto/lsci/db/PICTURES/CMS/362500/362596.4.jpg
10,Nathan Ellis,12500000,20000000,Capped,https://static-files.cricket-australia.pulselive.com/headshots/440/3531-bbl.png
11,Deepak Hooda,7500000,17000000,Capped,https://cinetown.s3.ap-south-1.amazonaws.com/people/profile_img/1714157747.png
12,Jamie Overton,15000000,15000000,Capped,https://encrypted-tbn0.gstatic.com/images?q=tbn:ANd9GcRdLPEOjetIxEhM1y9fMf44qG8-n_YLAc7Dzg&s
13,Vijay Shankar,3000000,12000000,Uncapped,https://www.gujarattitansipl.com/static-assets/images/players/61738.png?v=5.03
14,Vansh Bedi,3000000,5500000,Uncapped,https://preview.redd.it/vansh-bedi-joins-csk-presumably-as-a-backup-to-msd-for-55l-v0-halhocqin23e1.jpeg?auto=webp&s=d5f2292a00ee52608e36c37e53a88d024feee1c4
15,Andre Siddarth,3000000,3000000,Uncapped,"https://img1.hscicdn.com/image/upload/f_auto,t_ds_square_w_320,q_50/lsci/db/PICTURES/CMS/390600/390678.2.png"
16,Shreyas Gopal,3000000,3000000,Uncapped,https://encrypted-tbn0.gstatic.com/images?q=tbn:ANd9GcTg82G22sbrp8WdbOPLEw0gFF9NYn8njZ6Exw&s
17,Ramakrishna Ghosh,3000000,3000000,Uncapped,https://cricheroes-media-mumbai.s3.ap-south-1.amazonaws.com/user_profile/1713456566487_RxSWUizL2NP0.jpg?width=3840&quality=75&format=auto
18,Kamlesh Nagarkoti,3000000,3000000,Uncapped,https://images.hindustantimes.com/rf/image_size_630x354/HT/p2/2018/01/14/Pictures/icc-u19-cricket-world-cup-india-australia_487962a4-f940-11e7-95e6-04e0a17510b6.jpg
19,Mukesh Choudhary,3000000,3000000,Uncapped,https://crictoday.com/wp-content/uploads/2023/02/3-1650610220-THEN-800x600.jpg?crop=1
20,Shaik Rasheed,3000000,3000000,Uncapped,https://encrypted-tbn0.gstatic.com/images?q=tbn:ANd9GcS88zbhVqXSJaPLfiF-crt5rZcs8fBRUXKirw&s
