Sr. No.,Player,Base Price,Winning Bid,Capped/Uncapped,Image_URL
1,KL Rahul,20000000,140000000,Capped,"https://c.ndtvimg.com/2024-11/q0h08hao_kl-rahul-bcci_625x300_13_November_24.jpg?im=FeatureCrop,algorithm=dnn,width=806,height=605"
2,Mitchell Starc,20000000,117500000,Capped,https://images.news18.com/ibnlive/uploads/2023/12/mitchell-starc-ipl-auction-2023-12-c4220edc05b2e3c6d1fa46a0e355d4c3.jpg
3,T. Natarajan,20000000,107500000,Capped,https://www.hindustantimes.com/static-content/1y/cricket-logos/players/t-natarajan.png
4,Jake Fraser-Mcgurk (R),20000000,90000000,Capped,https://images.mykhel.com/webp/images/cricket/players/1/12311.jpg
5,Mukesh Kumar (R),20000000,80000000,Capped,https://images.mykhel.com/webp/images/cricket/players/4/13814.jpg?v=3
6,Harry Brook,20000000,62500000,Capped,https://www.newsx.com/wp-content/uploads/2024/10/Harry-Brook-Completes-3000-Runs-In-International-Cricket-scaled.webp
7,Ashutosh Sharma,3000000,38000000,Uncapped,https://encrypted-tbn0.gstatic.com/images?q=tbn:ANd9GcQ6oi1p-CjvanUK1TNzEKYfx7LdY6qooV50HA&s
8,Mohit Sharma,5000000,22000000,Uncapped,https://www.gujarattitansipl.com/static-assets/images/players/63341.png?v=5.03
9,Faf Du Plessis,20000000,20000000,Capped,https://images.mykhel.com/webp/images/cricket/players/3/4063.jpg
10,Sameer Rizvi,3000000,9500000,Uncapped,https://images.mykhel.com/webp/images/cricket/players/9/12699.jpg
11,Donovan Ferreira,7500000,7500000,Capped,https://cricclubs.com/documentsRep/profilePics/5378ff10-34d4-44ca-8e2d-9ecee1b8bd09.jpeg
12,Dushmantha Chameera,7500000,7500000,Capped,https://encrypted-tbn0.gstatic.com/images?q=tbn:ANd9GcSnp3LDhqC0PMnXMWTUkTItcOx9yFxkWcq3Og&s
13,Vipraj Nigam,3000000,5000000,Uncapped,https://www.delhicapitals.in/static-assets/images/players/ipl/88677.png?v=1.43
14,Karun Nair,3000000,5000000,Uncapped,https://encrypted-tbn0.gstatic.com/images?q=tbn:ANd9GcQABvGxNRzVMK0f4FZyhPFHAg9C624Mhx3bCQ&s
15,Madhav Tiwari,3000000,4000000,Uncapped,https://www.delhicapitals.in/static-assets/images/players/ipl/124649.png?v=1.43
16,Tripurana Vijay,3000000,3000000,Uncapped,https://encrypted-tbn0.gstatic.com/images?q=tbn:ANd9GcRyrdXPRDWDxw1MJ60UOT2ZLT3Aw4trtQ1OZQ&s
17,Manvanth Kumar L,3000000,3000000,Uncapped,https://d13ir53smqqeyp.cloudfront.net/fc-player-images/111337.png
18,Ajay Mandal,3000000,3000000,Uncapped,https://encrypted-tbn0.gstatic.com/images?q=tbn:ANd9GcQcXaHHsWtMxsKqP3Uh5OL3FJr0j2FgZXQIGg&s
19,Darshan Nalkande,3000000,3000000,Uncapped,https://images.mykhel.com/webp/images/cricket/players/5/11315.jpg
