Sr. No.,Player,Base Price,Winning Bid,Capped/Uncapped,Image_URL
1,Jos Buttler,20000000,157500000,Capped,https://encrypted-tbn0.gstatic.com/images?q=tbn:ANd9GcQzrhcbCRfw1t6soS3_X5X3TOUgahvIftqZ4g&s
2,Mohammad Siraj,20000000,122500000,Capped,https://encrypted-tbn0.gstatic.com/images?q=tbn:ANd9GcStKkyiomVszwpU7VSLM0XmXWOlrtCOTR_vSQ&s
3,Kagiso Rabada,20000000,107500000,Capped,"https://img.redbull.com/images/c_crop,x_679,y_0,h_2133,w_1599/c_fill,w_450,h_600/q_auto:low,f_auto/redbullcom/2019/05/24/d4486565-cf94-45ce-9642-a7340e2304ff/kagiso-rabada-south-africa-cricket-bowler-red-bull-athlete"
4,Prasidh Krishna,20000000,95000000,Capped,https://encrypted-tbn0.gstatic.com/images?q=tbn:ANd9GcTeqt23SA-OJTtrbPvVznmt21la8vmNgqx-2Q&s
5,Washington Sundar,20000000,32000000,Capped,https://encrypted-tbn0.gstatic.com/images?q=tbn:ANd9GcQ5S6IoyDXfMp3DX0I6i1L0xErHWmf_CEnHrg&s
6,Sherfane Rutherford,15000000,26000000,Capped,https://usacricketers.com/wp-content/uploads/2018/07/Sherfane-Rutherford-protrait.jpg
7,Gerald Coetzee,12500000,24000000,Capped,https://cricclubs.com/documentsRep/profilePics/14ba8740-31da-4679-b2ac-9f57f5ff5718.jpeg
8,Glenn Phillips,20000000,20000000,Capped,https://static-files.cricket-australia.pulselive.com/headshots/440/1837-camedia.png
9,R. Sai Kishore,7500000,20000000,Capped,https://images.mykhel.com/webp/images/cricket/players/8/13278.jpg
10,Mahipal Lomror,5000000,17000000,Uncapped,https://floodlightz.com/wp-content/uploads/2024/08/Mahipal-Lammor.webp
11,Gurnoor Singh Brar,3000000,13000000,Uncapped,https://images.assettype.com/nationalherald/2023-04/d9f7b83b-2aa2-46fe-8f33-a784a5e0d5de/1200_675_18173721_740_18173721_1680683293814.jpg
12,Mohd. Arshad Khan,3000000,13000000,Uncapped,"https://img1.hscicdn.com/image/upload/f_auto,t_ds_square_w_480,q_50/lsci/db/PICTURES/CMS/338500/338557.10.jpg"
13,Karim Janat,7500000,7500000,Capped,https://static-files.cricket-australia.pulselive.com/headshots/440/2293-camedia.png
14,Jayant Yadav,7500000,7500000,Capped,https://www.gujarattitansipl.com/static-assets/images/players/59611.png?v=5.03
15,Ishant Sharma,7500000,7500000,Capped,https://images.mykhel.com/webp/images/cricket/players/5/3515.jpg
16,Kumar Kushagra,3000000,6500000,Uncapped,https://images.news18.com/ibnlive/uploads/2023/12/kumarkushagra-2023-12-46a0f186708c92290c814db264328943.jpg
17,Kulwant Khejroliya,3000000,3000000,Uncapped,https://images.mykhel.com//webp/images/cricket/players/4/11104.jpg
18,Manav Suthar,3000000,3000000,Uncapped,https://images.mykhel.com/webp/images/cricket/players/7/15567.jpg
19,Anuj Rawat,3000000,3000000,Uncapped,https://ipltable.in/wp-content/uploads/2024/03/image-88-700x700.jpeg
20,Nishant Sindhu,3000000,3000000,Uncapped,https://ipltable.in/wp-content/uploads/2024/02/image-37.jpeg
