Sr. No.,Player,Base Price,Winning Bid,Capped/Uncapped,Image_URL 
1,Venkatesh Iyer,20000000,237500000,Capped,https://ipltable.in/wp-content/uploads/2024/03/image-84-700x700.jpeg
2,Anrich Nortje,20000000,65000000,Capped,https://www.hindustantimes.com/static-content/1y/cricket-logos/players/anrich-nortje.png
3,Quinton De Kock,20000000,36000000,Capped,https://www.hindustantimes.com/static-content/1y/cricket-logos/players/quinton-de-kock.png
4,Angkrish Raghuvanshi,3000000,30000000,Uncapped,https://images.mykhel.com/webp/images/cricket/players/2/15292.jpg
5,Spencer Johnson,20000000,28000000,Capped,https://www.gujarattitansipl.com/static-assets/images/players/67778.png?v=4.99
6,Moeen Ali,20000000,20000000,Capped,"https://img1.hscicdn.com/image/upload/f_auto,t_ds_square_w_480,q_50/lsci/db/PICTURES/CMS/387200/387231.10.jpg"
7,Rahmanullah Gurbaz,20000000,20000000,Capped,https://pbs.twimg.com/profile_images/1451929322932084748/J9Ar-09X_400x400.jpg
8,Vaibhav Arora,3000000,18000000,Uncapped,https://www.hindustantimes.com/static-content/1y/cricket-logos/players/vaibhav-arora.png
9,Ajinkya Rahane,15000000,15000000,Capped,https://encrypted-tbn0.gstatic.com/images?q=tbn:ANd9GcTi8EyE7tbKAlMsEBvr2Ax4ZOZRab6fuds5IQ&s
10,Rovman Powell,15000000,15000000,Capped,https://images.mykhel.com/webp/images/cricket/players/5/9795.jpg
11,Umran Malik,7500000,7500000,Capped,https://images.mykhel.com/webp/images/cricket/players/5/14195.jpg
12,Manish Pandey,7500000,7500000,Capped,https://img.mensxp.com/media/content/2021/Apr/Ashish-Nehra-Cuts-Deep-Into-Manish-Pandeys-Weaknesses-To-Explain-Why-Team-India-Forgot-Him-1200x900_607810cdab6e7.jpeg
13,Anukul Roy,3000000,4000000,Uncapped,https://images.mykhel.com/webp/images/cricket/players/8/11038.jpg
14,Luvnith Sisodia,3000000,3000000,Uncapped,https://staticimg.amarujala.com/assets/images/cricket/93921.jpg
15,Mayank Markande,3000000,3000000,Uncapped,https://images.mykhel.com/webp/images/cricket/players/5/11075.jpg
