Sr. No.,Player,Base Price,Winning Bid,Capped/Uncapped,Image_URL
1,Rishabh Pant,20000000,270000000,Capped,https://cdn.anscommerce.com/live/image/catalog/brandstore/optimum/creatives/athletes-rp.jpg
2,Avesh Khan,20000000,97500000,Capped,https://d16f573ilcot6q.cloudfront.net/wp-content/uploads/2024/01/Avesh-Khan.webp
3,Akash Deep,10000000,80000000,Capped,https://images.mykhel.com/webp/images/cricket/players/7/13807.jpg
4,David Miller,15000000,75000000,Capped,https://images.mykhel.com/webp/images/cricket/players/4/4804.jpg
5,Abdul Samad,3000000,42000000,Uncapped,https://images.mykhel.com/webp/images/cricket/players/4/13284.jpg
6,Mitchell Marsh,20000000,34000000,Capped,https://images.mykhel.com/webp/images/cricket/players/1/4601.jpg
7,Shahbaz Ahamad,10000000,24000000,Capped,https://images.mykhel.com/webp/images/cricket/players/7/13277.jpg
8,Aiden Markram,20000000,20000000,Capped,https://encrypted-tbn0.gstatic.com/images?q=tbn:ANd9GcSpOG5J8Fq8al-bePB5oYelhGCUG_h8VNyFAQ&s
9,Matthew Breetzke,7500000,7500000,Capped,"https://img1.hscicdn.com/image/upload/f_auto,t_ds_square_w_320,q_50/lsci/db/PICTURES/CMS/388400/388422.5.png"
10,Shamar Joseph,7500000,7500000,Capped,https://encrypted-tbn0.gstatic.com/images?q=tbn:ANd9GcTNaezAlCkseNaN5eo0WNbN93HB7l8RSDYVvQ&s
11,M. Siddharth,3000000,7500000,Uncapped,https://staticimg.amarujala.com/assets/images/2021/02/01/m-siddharth_1612155616.jpeg
12,Arshin Kulkarni,3000000,3000000,Uncapped,https://www.lucknowsupergiants.in/static-assets/images/players/88542.png?v=12.53
13,Rajvardhan Hangargekar,3000000,3000000,Uncapped,https://ipltable.in/wp-content/uploads/2024/02/image-29-700x700.jpeg
14,Yuvraj Chaudhary,3000000,3000000,Uncapped,https://encrypted-tbn0.gstatic.com/images?q=tbn:ANd9GcQhVkQSkxtMoB-hqswAAxUMglaq_GlkEaTW-Q&s
15,Prince Yadav,3000000,3000000,Uncapped,https://navbharattimes.indiatimes.com/thumb/112763257/prince-yadav-112763257.jpg?imgsize=28352&width=1600&height=900&resizemode=75
16,Akash Singh,3000000,3000000,Uncapped,https://d1k8sn41pix00a.cloudfront.net/media/players/photos/akash-singh.jpg
17,Digvesh Singh,3000000,3000000,Uncapped,https://encrypted-tbn0.gstatic.com/images?q=tbn:ANd9GcSlAp-jBwLlAXQqUkkTcCGZejTJ_m4XbDDDng&s
18,Himmat Singh,3000000,3000000,Uncapped,https://cricshots.com/wp-content/uploads/2018/12/Himmat-Singh-1.jpg
19,Aryan Juyal,3000000,3000000,Uncapped,https://img1.hscicdn.com/image/upload/f_auto/lsci/db/PICTURES/CMS/271900/271903.jpg
