Sr. No.,Player,Base Price,Winning Bid,Capped/Uncapped,Image_URL
1,Trent Boult,20000000,125000000,Capped,https://www.hindustantimes.com/static-content/1y/cricket-logos/players/trent-boult.png
2,Deepak Chahar,20000000,92500000,Capped,https://encrypted-tbn0.gstatic.com/images?q=tbn:ANd9GcS9Gw_Rd4AubUNwuOc51NP94GrqtNzWoM3KfQ&s
3,Will Jacks,20000000,52500000,Capped,https://cricclubs.com/documentsRep/profilePics/3cdcf28b-cfc2-4c47-9fca-4067e8a05e6e.jpeg
4,Naman Dhir,3000000,52500000,Uncapped,https://encrypted-tbn0.gstatic.com/images?q=tbn:ANd9GcT2JxYAju8USuq671HHNto9rBlomKNrzTPfEg&s
5,Allah Ghazanfar,7500000,48000000,Capped,https://www.crictracker.com/_next/image/?url=https%3A%2F%2Fmedia.crictracker.com%2Fmedia%2Fattachments%2F1731920845760_Allah-Ghazanfar.jpeg&w=1200&q=75
6,Mitchell Santner,20000000,20000000,Capped,https://images.mykhel.com/webp/images/cricket/players/6/7526.jpg
7,Ryan Rickelton,10000000,10000000,Capped,https://encrypted-tbn0.gstatic.com/images?q=tbn:ANd9GcTsLo4tfseL06zEDbpLBcrtU1sLJIvZHdZBUQ&s
8,Lizaad Williams,7500000,7500000,Capped,https://encrypted-tbn0.gstatic.com/images?q=tbn:ANd9GcTMZLfEtSsDzsedVBtYyi4gAjb-aU870neSyQ&s
9,Reece Topley,7500000,7500000,Capped,https://resources.ecb.co.uk/photo-resources/2023/10/22/4d077ae6-b830-4d49-b481-72f35d823390/GettyImages-1738872063.jpg?width=1868&height=1136
10,Robin Minz,3000000,6500000,Uncapped,https://www.gujarattitansipl.com/static-assets/images/players/95322.png?v=5.03
11,Karn Sharma,5000000,5000000,Uncapped,https://cricclubs.com/documentsRep/profilePics/0a85763e-04b2-461b-a0ac-810839d90c24.jpeg
12,Vignesh Puthur,3000000,3000000,Uncapped,https://encrypted-tbn0.gstatic.com/images?q=tbn:ANd9GcTucfTxDCoESyKv67icMizd8_lKGb3YMsy6XQ&s
13,Arjun Tendulkar,3000000,3000000,Uncapped,https://voiceofsikkim.com/wp-content/uploads/2023/04/Arjun-Tendulkar-Smashed-Six-IPL-2023.jpg
14,Bevan John Jacobs,3000000,3000000,Uncapped,https://encrypted-tbn0.gstatic.com/images?q=tbn:ANd9GcSebwyXZ3LvfUsl6zE030Ahl1UM03HOh83uGA&s
15,Venkata Satyanarayana Penmetsa,3000000,3000000,Uncapped,https://cricclubs.com/documentsRep/profilePics/e6b1d40d-00d1-4e80-a7e7-dc6d3eb2fb2f.jpeg
16,Raj Angad Bawa,3000000,3000000,Uncapped,https://encrypted-tbn0.gstatic.com/images?q=tbn:ANd9GcRNJh0S6hgxtybPGHfIEdPVCJo5M0M1PsYsNQ&s
17,Shrijith Krishnan,3000000,3000000,Uncapped,https://www.mumbaiindians.com/static-assets/images/players/large/action-shots/67627.png?v=4.36&w=400
18,Ashwani Kumar,3000000,3000000,Uncapped,https://encrypted-tbn0.gstatic.com/images?q=tbn:ANd9GcS1H_YqTdOWfhKTz2XIAUrPjtHwaVTGuloDzA&s
