Sr. No.,Player,Base Price,Winning Bid,Capped/Uncapped,Image_URL
1,Shreyas Iyer,20000000,267500000,Capped,https://encrypted-tbn0.gstatic.com/images?q=tbn:ANd9GcRfBuYzIhez4vuFjxYDpgwfhKNwXlafx92JOA&s
2,Yuzvendra Chahal,20000000,180000000,Capped,https://images.news18.com/ibnlive/uploads/2024/08/yuzvendra-chahal-pti-2024-08-aff162e7c86f2af2c35a087dbbf369c8.jpg?impolicy=website&width=360&height=270
3,Arshdeep Singh,20000000,180000000,Capped,https://upload.wikimedia.org/wikipedia/commons/3/36/Prime_Minister_Of_Bharat_Shri_Narendra_Damodardas_Modi_with_Arshdeep_Singh_Family_%28Cropped%29.jpg
4,Marcus Stoinis,20000000,110000000,Capped,https://www.iplbetonline.in/wp-content/uploads/2023/04/23.png
5,Marco Jansen,12500000,70000000,Capped,https://www.hindustantimes.com/static-content/1y/cricket-logos/players/marco-jansen.png
6,Nehal Wadhera,3000000,42000000,Uncapped,https://images.mykhel.com/webp/images/cricket/players/8/13678.jpg
7,Glenn Maxwell,20000000,42000000,Capped,https://i.cdn.newsbytesapp.com/images/l25120240616043743.jpeg
8,Priyansh Arya,3000000,38000000,Uncapped,https://media.assettype.com/freepressjournal/2024-08-31/b7fmweoj/GWTVGHlWsAAjxG7.jpg?width=1200
9,Josh Inglis,20000000,26000000,Capped,https://api.bdcrictime.com/Profile/josh-inglis-10_10_2023.jpg
10,Azmatullah Omarzai,15000000,24000000,Capped,https://www.bdcrictime.com/_next/image?url=https%3A%2F%2Fapi.bdcrictime.com%2FProfile%2Fazmatullah-omarzai-08_10_2023.jpg&w=384&q=75
11,Lockie Ferguson,20000000,20000000,Capped,https://preview.redd.it/bruh-where-tf-is-lockie-ferguson-at-v0-he5ehwvi1irc1.png?auto=webp&s=a30c4206c2e4f230651be66d172d4f8358e20f39
12,Vyshak Vijaykumar,3000000,18000000,Uncapped,https://images.mykhel.com/webp/images/cricket/players/9/14289.jpg
13,Yash Thakur,3000000,16000000,Uncapped,https://www.lucknowsupergiants.in/static-assets/images/players/66819.png?v=12.53
14,Harpreet Brar,3000000,15000000,Uncapped,https://images.mykhel.com/webp/images/cricket/players/1/12301.jpg
15,Aaron Hardie,12500000,12500000,Capped,https://cricclubs.com/documentsRep/profilePics/d7c750a1-a7a7-47f9-a75b-ee38e8be6f02.png
16,Vishnu Vinod,3000000,9500000,Uncapped,https://encrypted-tbn0.gstatic.com/images?q=tbn:ANd9GcQhLK4BaiptJqBXOVkEjNSXKqGO6hRoIv1yyQ&s
17,Xavier Bartlett,7500000,8000000,Capped,https://cricclubs.com/documentsRep/profilePics/a5ded3c9-fd9a-4564-84e7-57ca031653c7.png
18,Kuldeep Sen,7500000,8000000,Capped,https://www.yolo247.co/sports/tournaments/wp-content/uploads/2023/12/Kuldeep-Sen-min.png
19,Pravin Dubey,3000000,3000000,Uncapped,https://ipltable.in/wp-content/uploads/2024/02/image-56-700x700.jpeg
20,Pyla Avinash,3000000,3000000,Uncapped,https://www.punjabkingsipl.in/static-assets/images/players/81901.png?v=6.12
21,Suryansh Shedge,3000000,3000000,Uncapped,https://i2.wp.com/cricketgraph.com/wp-content/uploads/2019/05/SURYANSH.jpg?fit=1080%2C706&ssl=1
22,Musheer Khan,3000000,3000000,Uncapped,https://www.hindustantimes.com/static-content/1y/cricket-logos/players/musheer-khan.png
23,Harnoor Pannu,3000000,3000000,Uncapped,https://www.hindustantimes.com/ht-img/img/2024/09/12/1600x900/Opener-Harnoor-scored-unbeaten-109-runs-in-128-bal_1726173006588.jpg
