Sr. No.,Player,Base Price,Winning Bid,Capped/Uncapped,Image_URL
1,Josh Hazlewood ,200000000,1250000000,Capped,https://encrypted-tbn0.gstatic.com/images?q=tbn:ANd9GcT7VAPJbQJYhsSLXEDFZstLi-bNMa1vlrQs3g&s
2,Phil Salt ,200000000,1150000000,Capped,https://encrypted-tbn0.gstatic.com/images?q=tbn:ANd9GcTzH_PkECzuLRSkHjO7kMp2CmEM7c0fOpgSsw&s
3,Jitesh Sharma,100000000,1100000000,Capped,https://encrypted-tbn0.gstatic.com/images?q=tbn:ANd9GcTzkvSMo7aHj8jxmHS8WeluJolhjaofXEyeqA&s
4,Bhuvneshwar Kumar,200000000,1075000000,Capped,https://encrypted-tbn0.gstatic.com/images?q=tbn:ANd9GcRsQ840OfPd0k3H1p_2WOi3zfy3TuOx3oSPaQ&s
5,Liam Livingstone ,200000000,875000000,Capped,https://d1k8sn41pix00a.cloudfront.net/media/players/photos/3644.png
6,Rasikh Dar,30000000,600000000,Uncapped,https://assets.iplt20.com/ipl/IPLHeadshot2022/20577.png
7,Krunal Pandya,200000000,575000000,Capped,https://encrypted-tbn0.gstatic.com/images?q=tbn:ANd9GcSaH1KWyzXomBhT-B-cBKipLFgoGrr4VYsUTQ&s
8,Tim David ,200000000,300000000,Capped,https://images.mykhel.com/webp/images/cricket/players/3/11463.jpg
9,Jacob Bethell ,125000000,260000000,Capped,https://preview.redd.it/jacob-bethell-is-now-a-royal-challenger-absolutely-elite-v0-ektyk00c223e1.jpeg?auto=webp&s=e843169afda86fd6b7da965492ef4c66c7361991
10,Suyash Sharma,30000000,260000000,Uncapped,https://ipltable.in/wp-content/uploads/2024/03/image-81.jpeg
11,Devdutt Padikkal,200000000,200000000,Capped,https://images.mykhel.com/webp/images/cricket/players/2/12292.jpg
12,Nuwan Thushara ,75000000,160000000,Capped,https://cricclubs.com/documentsRep/profilePics/632c7f7a-96bd-4380-bda4-f1f354ee529c.jpeg
13,Romario Shepherd ,150000000,150000000,Capped,https://images.mykhel.com/webp/images/cricket/players/8/11908.jpg
14,Lungisani Ngidi ,100000000,100000000,Capped,https://pbs.twimg.com/profile_images/1334946608040046594/J9sJGyPb_400x400.jpg
15,Swapnil Singh,30000000,50000000,Uncapped,https://cricclubs.com/documentsRep/profilePics/da7966c5-c570-4cab-884e-3d02acd3e951.jpeg
16,Mohit Rathee,30000000,30000000,Uncapped,https://www.punjabkingsipl.in/static-assets/images/players/100577.png?v=6.11
17,Abhinandan Singh,30000000,30000000,Uncapped,https://pbs.twimg.com/profile_images/1540702628815835137/3VDLT_lX_400x400.jpg
18,Swastik Chhikara,30000000,30000000,Uncapped,https://i1.wp.com/crictoday.com/wp-content/uploads/2024/01/images-1.webp?ssl=1
19,Manoj Bhandage,30000000,30000000,Uncapped,https://encrypted-tbn0.gstatic.com/images?q=tbn:ANd9GcSOD37ckY5szSWJmAelMWjBlQfI1LkrLjmFvg&s
