Sr. No.,Player,Base Price,Winning Bid,Capped/Uncapped,Image_URL
1,Jofra Archer,200000000,1250000000,Capped,https://d3pc1xvrcw35tl.cloudfront.net/ln/images/1260x945/skysports-jofra-archer-sussex-5854234_202303490364.jpg
2,Tushar Deshpande,100000000,650000000,Capped,https://www.iplbetonline.in/wp-content/uploads/2023/04/539.png
3,Wanindu Hasaranga,200000000,525000000,Capped,https://www.hindustantimes.com/static-content/1y/cricket-logos/players/wanindu-hasaranga.png
4,Maheesh Theekshana,200000000,440000000,Capped,https://www.hindustantimes.com/static-content/1y/cricket-logos/players/maheesh-theekshana.png
5,Nitish Rana,150000000,420000000,Capped,https://images.mykhel.com/webp/images/cricket/players/6/7686.jpg
6,Fazalhaq Farooqi,200000000,200000000,Capped,https://static-files.cricket-australia.pulselive.com/headshots/440/4043-camedia.png
7,Kwena Maphaka,75000000,150000000,Capped,"https://images-cricketcom.imgix.net/players/90908_headshot_safari.png?auto=format,compress"
8,Akash Madhwal,30000000,120000000,Uncapped,https://www.rajasthanroyals.com/static-assets/images/players/74055.png?v=6.61
9,Vaibhav Suryavanshi,30000000,110000000,Uncapped,"https://c.ndtvimg.com/2024-11/o2ieshvo_vaibhav-suryavanshi_625x300_26_November_24.jpeg?im=FeatureCrop,algorithm=dnn,width=806,height=605"
10,Shubham Dubey,30000000,80000000,Uncapped,"https://img1.hscicdn.com/image/upload/f_auto,t_ds_square_w_480,q_50/lsci/db/PICTURES/CMS/372400/372493.10.jpg"
11,Yudhvir Charak,30000000,35000000,Uncapped,https://images.mykhel.com/webp/images/cricket/players/3/14113.jpg
12,Ashok Sharma,30000000,30000000,Uncapped,https://images.mykhel.com//webp/images/cricket/players/5/15545.jpg
13,Kunal Rathore,30000000,30000000,Uncapped,https://images.mykhel.com/webp/images/cricket/players/0/16530.jpg
14,Kumar Kartikeya Singh,30000000,30000000,Uncapped,https://images.hindustantimes.com/img/2022/04/28/550x309/kumar-kartikeya_1651130680742_1651130686543.jpg
