Sr. No.,Player,Base Price,Winning Bid,Capped/Uncapped,Image_URL
1,Ishan Kishan,200000000,1125000000,Capped,https://images.mykhel.com/webp/images/cricket/players/4/8234.jpg
2,Mohammad Shami,200000000,1000000000,Capped,https://images.livemint.com/img/2024/08/04/1600x900/PTI02-22-2024-000232B-0_1715337956424_1722737748736.jpg
3,Harshal Patel,200000000,800000000,Capped,https://www.royalchallengers.com/PRRCB01/public/styles/1061x767_landscape/public/2022-04/MZ9_0571.JPG?itok=qsiQM2JC
4,Abhinav Manohar,30000000,320000000,Uncapped,https://crictoday.com/wp-content/uploads/2024/01/Untitled-design-94.webp
5,Rahul Chahar,100000000,320000000,Capped,https://encrypted-tbn0.gstatic.com/images?q=tbn:ANd9GcRN8hv3SZlTPhGMB06kjPCZ8UB0YBuqfZfjPg&s
6,Adam Zampa ,200000000,240000000,Capped,https://images.mykhel.com/webp/images/cricket/players/5/5955.jpg
7,Simarjeet Singh,30000000,150000000,Uncapped,https://encrypted-tbn0.gstatic.com/images?q=tbn:ANd9GcRxi5HJ_uNHrIHsjNiKT2Ktx3-UcdcyEf4KTw&s
8,Eshan Malinga ,30000000,120000000,Uncapped,https://encrypted-tbn0.gstatic.com/images?q=tbn:ANd9GcTBWvmCMSgDD-IPcFt4wdn3axXskglcNE4UIA&s
9,Brydon Carse ,100000000,100000000,Capped,https://e0.365dm.com/24/05/768x432/skysports-brydon-carse-england_6570668.jpg?20240531175912
10,Jaydev Unadkat,100000000,100000000,Capped,https://images.mykhel.com/webp/images/cricket/players/8/4768.jpg
11,Kamindu Mendis ,75000000,75000000,Capped,https://images.assettype.com/nationalherald/2024-09-28/3giidozp/GYZpcrIasAAIHCE.jpeg
12,Zeeshan Ansari,30000000,40000000,Uncapped,https://images.indianexpress.com/2016/01/zeeshan.jpg
13,Sachin Baby,30000000,30000000,Uncapped,https://pbs.twimg.com/profile_images/1586181636302856192/R_vtDrP7_400x400.jpg
14,Aniket Verma,30000000,30000000,Uncapped,https://encrypted-tbn0.gstatic.com/images?q=tbn:ANd9GcQCmaEymAqK_hszTA-uyCsehdyR8xuAbOmIXg&s
15,Atharva Taide,30000000,30000000,Uncapped,https://images.mykhel.com/webp/images/cricket/players/6/13936.jpg
